{
  "IcoMoonType": "selection",
  "icons": [
    {
      "icon": {
        "paths": [
          "M1024 590.444l-512-397.426-512 397.428v-162.038l512-397.426 512 397.428zM896 576v384h-256v-256h-256v256h-256v-384l384-288z"
        ],
        "tags": [
          "home",
          "house"
        ],
        "defaultCode": 59648,
        "grid": 16,
        "attrs": []
      },
      "attrs": [],
      "properties": {
        "ligatures": "home, house",
        "name": "home",
        "order": 8,
        "id": 1,
        "prevSize": 32
      },
      "setIdx": 0,
      "setId": 1,
      "iconIdx": 0
    },
    {
      "icon": {
        "paths": [
          "M704 640c-64 64-64 128-128 128s-128-64-192-128-128-128-128-192 64-64 128-128-128-256-192-256-192 192-192 192c0 128 131.5 387.5 256 512s384 256 512 256c0 0 192-128 192-192s-192-256-256-192z"
        ],
        "tags": [
          "phone",
          "telephone",
          "contact",
          "support",
          "call"
        ],
        "defaultCode": 59714,
        "grid": 16,
        "attrs": []
      },
      "attrs": [],
      "properties": {
        "ligatures": "phone, telephone",
        "name": "phone",
        "order": 2,
        "id": 67,
        "prevSize": 32
      },
      "setIdx": 0,
      "setId": 1,
      "iconIdx": 66
    },
    {
      "icon": {
        "paths": [
          "M928 128h-832c-52.8 0-96 43.2-96 96v640c0 52.8 43.2 96 96 96h832c52.8 0 96-43.2 96-96v-640c0-52.8-43.2-96-96-96zM398.74 550.372l-270.74 210.892v-501.642l270.74 290.75zM176.38 256h671.24l-335.62 252-335.62-252zM409.288 561.698l102.712 110.302 102.71-110.302 210.554 270.302h-626.528l210.552-270.302zM625.26 550.372l270.74-290.75v501.642l-270.74-210.892z"
        ],
        "tags": [
          "envelop",
          "mail",
          "email",
          "contact",
          "letter"
        ],
        "defaultCode": 59717,
        "grid": 16,
        "attrs": []
      },
      "attrs": [],
      "properties": {
        "ligatures": "envelop, mail",
        "name": "envelop",
        "order": 4,
        "id": 70,
        "prevSize": 32
      },
      "setIdx": 0,
      "setId": 1,
      "iconIdx": 69
    },
    {
      "icon": {
        "paths": [
          "M512 0c-176.732 0-320 143.268-320 320 0 320 320 704 320 704s320-384 320-704c0-176.732-143.27-320-320-320zM512 512c-106.040 0-192-85.96-192-192s85.96-192 192-192 192 85.96 192 192-85.96 192-192 192z"
        ],
        "tags": [
          "location",
          "map-marker",
          "pin"
        ],
        "defaultCode": 59719,
        "grid": 16,
        "attrs": []
      },
      "attrs": [],
      "properties": {
        "ligatures": "location, map-marker",
        "name": "location",
        "order": 3,
        "id": 72,
        "prevSize": 32
      },
      "setIdx": 0,
      "setId": 1,
      "iconIdx": 71
    },
    {
      "icon": {
        "width": 1152,
        "paths": [
          "M480 0v0c265.096 0 480 173.914 480 388.448s-214.904 388.448-480 388.448c-25.458 0-50.446-1.62-74.834-4.71-103.106 102.694-222.172 121.108-341.166 123.814v-25.134c64.252-31.354 116-88.466 116-153.734 0-9.106-0.712-18.048-2.030-26.794-108.558-71.214-177.97-179.988-177.97-301.89 0-214.534 214.904-388.448 480-388.448zM996 870.686c0 55.942 36.314 104.898 92 131.772v21.542c-103.126-2.318-197.786-18.102-287.142-106.126-21.14 2.65-42.794 4.040-64.858 4.040-95.47 0-183.408-25.758-253.614-69.040 144.674-0.506 281.26-46.854 384.834-130.672 52.208-42.252 93.394-91.826 122.414-147.348 30.766-58.866 46.366-121.582 46.366-186.406 0-10.448-0.45-20.836-1.258-31.168 72.57 59.934 117.258 141.622 117.258 231.676 0 104.488-60.158 197.722-154.24 258.764-1.142 7.496-1.76 15.16-1.76 22.966z"
        ],
        "tags": [
          "bubbles",
          "comments",
          "chat",
          "talk"
        ],
        "defaultCode": 59757,
        "grid": 16,
        "attrs": []
      },
      "attrs": [],
      "properties": {
        "ligatures": "bubbles2, comments2",
        "name": "bubbles2",
        "order": 12,
        "id": 110,
        "prevSize": 32
      },
      "setIdx": 0,
      "setId": 1,
      "iconIdx": 109
    },
    {
      "icon": {
        "paths": [
          "M576 706.612v-52.78c70.498-39.728 128-138.772 128-237.832 0-159.058 0-288-192-288s-192 128.942-192 288c0 99.060 57.502 198.104 128 237.832v52.78c-217.102 17.748-384 124.42-384 253.388h896c0-128.968-166.898-235.64-384-253.388z"
        ],
        "tags": [
          "user",
          "profile",
          "avatar",
          "person",
          "member"
        ],
        "defaultCode": 59761,
        "grid": 16,
        "attrs": []
      },
      "attrs": [],
      "properties": {
        "ligatures": "user, profile2",
        "name": "user",
        "order": 10,
        "id": 114,
        "prevSize": 32
      },
      "setIdx": 0,
      "setId": 1,
      "iconIdx": 113
    },
    {
      "icon": {
        "paths": [
          "M933.79 610.25c-53.726-93.054-21.416-212.304 72.152-266.488l-100.626-174.292c-28.75 16.854-62.176 26.518-97.846 26.518-107.536 0-194.708-87.746-194.708-195.99h-201.258c0.266 33.41-8.074 67.282-25.958 98.252-53.724 93.056-173.156 124.702-266.862 70.758l-100.624 174.292c28.97 16.472 54.050 40.588 71.886 71.478 53.638 92.908 21.512 211.92-71.708 266.224l100.626 174.292c28.65-16.696 61.916-26.254 97.4-26.254 107.196 0 194.144 87.192 194.7 194.958h201.254c-0.086-33.074 8.272-66.57 25.966-97.218 53.636-92.906 172.776-124.594 266.414-71.012l100.626-174.29c-28.78-16.466-53.692-40.498-71.434-71.228zM512 719.332c-114.508 0-207.336-92.824-207.336-207.334 0-114.508 92.826-207.334 207.336-207.334 114.508 0 207.332 92.826 207.332 207.334-0.002 114.51-92.824 207.334-207.332 207.334z"
        ],
        "tags": [
          "cog",
          "gear",
          "preferences",
          "settings",
          "generate",
          "control",
          "options"
        ],
        "defaultCode": 59796,
        "grid": 16,
        "attrs": []
      },
      "attrs": [],
      "properties": {
        "ligatures": "cog, gear",
        "name": "cog",
        "order": 13,
        "id": 149,
        "prevSize": 32
      },
      "setIdx": 0,
      "setId": 1,
      "iconIdx": 148
    },
    {
      "icon": {
        "paths": [
          "M384 64h640v128h-640v-128zM384 448h640v128h-640v-128zM384 832h640v128h-640v-128zM0 128c0-70.692 57.308-128 128-128s128 57.308 128 128c0 70.692-57.308 128-128 128s-128-57.308-128-128zM0 512c0-70.692 57.308-128 128-128s128 57.308 128 128c0 70.692-57.308 128-128 128s-128-57.308-128-128zM0 896c0-70.692 57.308-128 128-128s128 57.308 128 128c0 70.692-57.308 128-128 128s-128-57.308-128-128z"
        ],
        "tags": [
          "list",
          "todo",
          "bullet",
          "menu",
          "options"
        ],
        "defaultCode": 59835,
        "grid": 16,
        "attrs": []
      },
      "attrs": [],
      "properties": {
        "ligatures": "list2, todo2",
        "name": "list2",
        "order": 9,
        "id": 188,
        "prevSize": 32
      },
      "setIdx": 0,
      "setId": 1,
      "iconIdx": 187
    },
    {
      "icon": {
        "paths": [
          "M480 64c-265.096 0-480 214.904-480 480 0 265.098 214.904 480 480 480 265.098 0 480-214.902 480-480 0-265.096-214.902-480-480-480zM751.59 704c8.58-40.454 13.996-83.392 15.758-128h127.446c-3.336 44.196-13.624 87.114-30.68 128h-112.524zM208.41 384c-8.58 40.454-13.996 83.392-15.758 128h-127.444c3.336-44.194 13.622-87.114 30.678-128h112.524zM686.036 384c9.614 40.962 15.398 83.854 17.28 128h-191.316v-128h174.036zM512 320v-187.338c14.59 4.246 29.044 11.37 43.228 21.37 26.582 18.74 52.012 47.608 73.54 83.486 14.882 24.802 27.752 52.416 38.496 82.484h-155.264zM331.232 237.516c21.528-35.878 46.956-64.748 73.54-83.486 14.182-10 28.638-17.124 43.228-21.37v187.34h-155.264c10.746-30.066 23.616-57.68 38.496-82.484zM448 384v128h-191.314c1.88-44.146 7.666-87.038 17.278-128h174.036zM95.888 704c-17.056-40.886-27.342-83.804-30.678-128h127.444c1.762 44.608 7.178 87.546 15.758 128h-112.524zM256.686 576h191.314v128h-174.036c-9.612-40.96-15.398-83.854-17.278-128zM448 768v187.34c-14.588-4.246-29.044-11.372-43.228-21.37-26.584-18.74-52.014-47.61-73.54-83.486-14.882-24.804-27.75-52.418-38.498-82.484h155.266zM628.768 850.484c-21.528 35.876-46.958 64.746-73.54 83.486-14.184 9.998-28.638 17.124-43.228 21.37v-187.34h155.266c-10.746 30.066-23.616 57.68-38.498 82.484zM512 704v-128h191.314c-1.88 44.146-7.666 87.040-17.28 128h-174.034zM767.348 512c-1.762-44.608-7.178-87.546-15.758-128h112.524c17.056 40.886 27.344 83.806 30.68 128h-127.446zM830.658 320h-95.9c-18.638-58.762-44.376-110.294-75.316-151.428 42.536 20.34 81.058 47.616 114.714 81.272 21.48 21.478 40.362 44.938 56.502 70.156zM185.844 249.844c33.658-33.658 72.18-60.932 114.714-81.272-30.942 41.134-56.676 92.666-75.316 151.428h-95.898c16.138-25.218 35.022-48.678 56.5-70.156zM129.344 768h95.898c18.64 58.762 44.376 110.294 75.318 151.43-42.536-20.34-81.058-47.616-114.714-81.274-21.48-21.478-40.364-44.938-56.502-70.156zM774.156 838.156c-33.656 33.658-72.18 60.934-114.714 81.274 30.942-41.134 56.678-92.668 75.316-151.43h95.9c-16.14 25.218-35.022 48.678-56.502 70.156z"
        ],
        "tags": [
          "sphere",
          "globe",
          "internet"
        ],
        "defaultCode": 59849,
        "grid": 16,
        "attrs": []
      },
      "attrs": [],
      "properties": {
        "ligatures": "sphere, globe",
        "name": "sphere",
        "order": 7,
        "id": 202,
        "prevSize": 32
      },
      "setIdx": 0,
      "setId": 1,
      "iconIdx": 201
    },
    {
      "icon": {
        "paths": [
          "M512 832c35.346 0 64 28.654 64 64v64c0 35.346-28.654 64-64 64s-64-28.654-64-64v-64c0-35.346 28.654-64 64-64zM512 192c-35.346 0-64-28.654-64-64v-64c0-35.346 28.654-64 64-64s64 28.654 64 64v64c0 35.346-28.654 64-64 64zM960 448c35.346 0 64 28.654 64 64s-28.654 64-64 64h-64c-35.348 0-64-28.654-64-64s28.652-64 64-64h64zM192 512c0 35.346-28.654 64-64 64h-64c-35.346 0-64-28.654-64-64s28.654-64 64-64h64c35.346 0 64 28.654 64 64zM828.784 738.274l45.256 45.258c24.992 24.99 24.992 65.516 0 90.508-24.994 24.992-65.518 24.992-90.51 0l-45.256-45.256c-24.992-24.99-24.992-65.516 0-90.51 24.994-24.992 65.518-24.992 90.51 0zM195.216 285.726l-45.256-45.256c-24.994-24.994-24.994-65.516 0-90.51s65.516-24.994 90.51 0l45.256 45.256c24.994 24.994 24.994 65.516 0 90.51s-65.516 24.994-90.51 0zM828.784 285.726c-24.992 24.992-65.516 24.992-90.51 0-24.992-24.994-24.992-65.516 0-90.51l45.256-45.254c24.992-24.994 65.516-24.994 90.51 0 24.992 24.994 24.992 65.516 0 90.51l-45.256 45.254zM195.216 738.274c24.992-24.992 65.518-24.992 90.508 0 24.994 24.994 24.994 65.52 0 90.51l-45.254 45.256c-24.994 24.992-65.516 24.992-90.51 0s-24.994-65.518 0-90.508l45.256-45.258z",
          "M512 256c-141.384 0-256 114.616-256 256 0 141.382 114.616 256 256 256 141.382 0 256-114.618 256-256 0-141.384-114.616-256-256-256zM512 672c-88.366 0-160-71.634-160-160s71.634-160 160-160 160 71.634 160 160-71.634 160-160 160z"
        ],
        "tags": [
          "sun",
          "weather"
        ],
        "defaultCode": 59860,
        "grid": 16,
        "attrs": []
      },
      "attrs": [],
      "properties": {
        "ligatures": "sun, weather2",
        "name": "sun",
        "order": 15,
        "id": 213,
        "prevSize": 32
      },
      "setIdx": 0,
      "setId": 1,
      "iconIdx": 212
    },
    {
      "icon": {
        "paths": [
          "M512 256c-141.384 0-256 114.616-256 256s114.616 256 256 256 256-114.616 256-256-114.616-256-256-256zM512 672v-320c88.224 0 160 71.776 160 160s-71.776 160-160 160zM512 832c35.346 0 64 28.654 64 64v64c0 35.346-28.654 64-64 64s-64-28.654-64-64v-64c0-35.346 28.654-64 64-64zM512 192c-35.346 0-64-28.654-64-64v-64c0-35.346 28.654-64 64-64s64 28.654 64 64v64c0 35.346-28.654 64-64 64zM960 448c35.346 0 64 28.654 64 64s-28.654 64-64 64h-64c-35.346 0-64-28.654-64-64s28.654-64 64-64h64zM192 512c0 35.346-28.654 64-64 64h-64c-35.346 0-64-28.654-64-64s28.654-64 64-64h64c35.346 0 64 28.654 64 64zM828.784 738.274l45.256 45.256c24.992 24.992 24.992 65.516 0 90.51-24.994 24.992-65.518 24.992-90.51 0l-45.256-45.256c-24.992-24.992-24.992-65.516 0-90.51 24.994-24.992 65.518-24.992 90.51 0zM195.216 285.726l-45.256-45.256c-24.994-24.994-24.994-65.516 0-90.51s65.516-24.994 90.51 0l45.256 45.256c24.994 24.994 24.994 65.516 0 90.51s-65.516 24.994-90.51 0zM828.784 285.726c-24.992 24.992-65.516 24.992-90.51 0-24.992-24.994-24.992-65.516 0-90.51l45.256-45.254c24.992-24.994 65.516-24.994 90.51 0 24.992 24.994 24.992 65.516 0 90.51l-45.256 45.254zM195.216 738.274c24.992-24.992 65.516-24.992 90.508 0 24.994 24.994 24.994 65.518 0 90.51l-45.254 45.256c-24.994 24.992-65.516 24.992-90.51 0-24.994-24.994-24.994-65.518 0-90.51l45.256-45.256z"
        ],
        "tags": [
          "brightness-contrast"
        ],
        "defaultCode": 59862,
        "grid": 16,
        "attrs": []
      },
      "attrs": [],
      "properties": {
        "ligatures": "brightness-contrast",
        "name": "brightness-contrast",
        "order": 16,
        "id": 215,
        "prevSize": 32
      },
      "setIdx": 0,
      "setId": 1,
      "iconIdx": 214
    }
  ],
  "height": 1024,
  "preferences": {
    "showGlyphs": true,
    "showQuickUse": true,
    "showQuickUse2": true,
    "showSVGs": true,
    "fontPref": {
      "prefix": "icon-",
      "metadata": {
        "fontFamily": "icomoon"
      },
      "metrics": {
        "emSize": 1024,
        "baseline": 6.25,
        "whitespace": 50
      },
      "embed": false
    },
    "imagePref": {
      "prefix": "icon-",
      "png": true,
      "useClassSelector": true,
      "color": 0,
      "bgColor": 16777215,
      "classSelector": ".icon",
      "name": "icomoon"
    },
    "historySize": 50,
    "showCodes": true,
    "gridSize": 16
  }
}